village,District,Eastings,Nothings,Latitude,Longitude,ecoli,pH,Electrical Conductivity,turbidity,Color (Apparent),Total dissolved salts,Total Alkalinity ,Bicarbonates,Total hardness ,Calcium Hardardness ,magnesium hardness,Flouride,Chloride,sulphate,Nitrites ,Nitrates-N ,Ammonium-N ,Phosphates-P 
Bugembe,Jinja,526362,51478,85.48290416,30.31516443,0,6.9,103,2.34,22,0,43,0,33,18,0,0.26236,0,4.10009,0.01509,0.3225,0.16075,0.03779
Masese,jinja,526349,49702,85.89823617,28.89390334,0,6.7,111,2.23,20,0,48,0,35,19,0,0.22605,0,3.72661,0.00318,2.49162,0.002,0.09726
Masese,Jinja,526921,48543,86.23344562,27.95341553,0,6.8,101,2.92,15,0,41,0,27,19,0,0.25573,0,4.27461,0.0076,0.51466,0.03963,0.05778
Rubaga hill,jinja,523658,49584,85.61111063,28.99085374,0,6.6,648,2.12,4,0,175,0,310,125,0,0.6697,0,69.27158,0.00678,6.686,0.002,0.99905
Mpumudde,Jinja,523831,51559,85.16663819,30.57350017,0,6.8,1041,3.48,27,0,320,0,430,230,0,0.681,0,62.21922,0.08142,17.75154,0.02197,0.05519
Mawuta,Jinja,524050,54463,84.47589378,33.03750813,0,6.9,1393,6.25,75,0,350,0,730,400,0,0.31554,0,233.9129,0.01351,0.31634,0.002,0.11509
Nsube,Jinja,524435,61008,82.76011755,39.35361044,0,6.5,492,1.91,1,0,230,0,220,105,0,0.26735,0,21.39238,0.00658,6.69617,0.002,0.04659
Mutai,Jinja,524220,61707,82.53544459,40.13384802,0,6,292,1.85,1,0,91,0,120,60,0,0.27796,0,27.93701,0.00355,6.14984,0.04345,0.11088
Mutai,Jinja,523590,62539,82.22336215,41.12985069,0,6.7,106,2.11,11,0,41,0,36,16,0,0.29205,0,4.95072,0.00256,0.51079,0.02983,0.10657
Kagoma,Jinja,522300,65456,81.21107555,44.77653282,0,5.4,198,2.37,6,0,38,0,62,38,0,0.05172,0,14.85099,0.00502,7.59498,0.00394,0.02826
Nalufenya,Jinja,521619,48543,85.63247755,28.30298304,0,6.8,104,2.43,22,0,46,0,33,20,0,0.28131,0,4.89396,0.03649,0.22467,0.11817,0.02851
Butakanila,Bugiri,583492,60709,97.73326422,27.26903007,0,7,246,2.69,57,0,125,0,110,95,0,0.4069,0,5.12238,0.15106,0.71488,1.62681,0.29374
Buyubu,Bugiri,582815,59414,97.83183278,26.62485515,0,6.7,585,2.22,21,0,330,0,97,47,0,0.09621,0,11.87691,0.01788,0.38758,0.38375,0.52461
Kikabala,Bugiri,582485,58571,97.9358771,26.181826,0,6.6,533,2.75,36,0,290,0,220,125,0,0.00564,0,4.48113,0.00224,0.27989,0.01781,0.16367
Lubila,Bugiri,583041,57880,98.34049258,25.62040639,0,5.7,218,3.98,29,0,98,0,105,77,0,0.19449,0,7.09486,0.01352,2.28204,0.03977,0.02301
Bukonde,Bugiri,585561,62233,98.11814858,27.67876664,0,5.6,139,4.37,66,0,50,0,48,29,0,0.24617,0,3.92465,0.00315,5.32393,0.01966,0.01978
Nawambidi,Bugiri,593155,57813,102.5806693,23.04073039,0,6.8,376,2.05,18,0,165,0,145,105,0,0.43464,0,10.16964,0.00844,4.51209,0.03491,0.07286
Nawambidi A,Bugiri,592960,57742,102.5135137,23.05294885,0,6.6,692,1.84,4,0,360,0,300,165,0,0.43982,0,31.55526,0.01605,2.52018,0.01546,0.33127
Namayemba,Bugiri,589049,56897,101.0486991,23.575891,0,6.6,694,1.87,2,0,350,0,300,185,0,0.36287,0,26.91282,0.00584,2.44874,0.02757,0.09782
Namayemba East,Bugiri,587948,58204,100.2326938,24.5893318,0,5.8,208,2.39,16,0,77,0,90,60,0,0.32835,0,3.23099,0.00516,4.91619,0.002,0.12485
Ndifakulya,Bugiri,582906,63846,96.59321429,29.51689581,0,4.9,255,2.03,2,0,20,0,75,33,0,0.08023,0,4.55691,0.00356,15.90426,0.002,0.13348
Ndifakulya,Bugiri,582857,63591,96.64985851,29.35558303,0,4.9,166,2.39,12,0,17,0,48,24,0,0.0064,0,1.10713,0.04979,10.31733,0.04933,0.02928
Kimombasa,Bugiri,582819,63213,96.74675341,29.10797782,0,7.2,532,5.86,88,0,280,0,87,39,0,0.48323,0,14.4673,0.00054,2.17129,0.002,0.27431
Musongola,Bugiri,583153,61851,97.27391768,28.10200745,0,5.2,154,2.49,4,0,31,0,57,31,0,0.10689,0,1.37298,0.01351,7.40649,0.0101,0.04595
Masaba Igenge,Iganga,547731,64050,85.81134006,38.80297823,0,4.9,162,1.67,1,0,12,0,26,15,0,0.12436,0,38.72499,0.00502,4.28754,0.10471,0.02535
CMS,Iganga,550339,65890,85.85402576,40.12283858,0,5.3,384,1.74,6,0,31,0,110,69,0,0.09494,0,10.72362,0.05365,19.27067,0.02561,0.10437
Kasokoso estate,Iganga,552757,67752,85.85895471,41.52324492,0,6,926,1.85,2,0,110,0,250,170,0,0.12398,0,34.90636,0.19221,36.42471,2.03609,0.04292
Igulusa,Iganga,553164,70624,85.03728803,44.7511703,0,5.4,240,2.71,12,0,58,0,75,48,0,0.18074,0,23.90872,0.0313,5.57916,0.08384,0.10178
Namungalwe T/C,Iganga,554297,78825,82.46974197,56.54987169,0,5.9,151,2.41,20,0,44,0,53,29,0,0.18223,0,1.89453,0.00573,8.13293,0.01444,0.05082
Nambale,Iganga,556071,86301,80.0412229,73.63345493,0,6,231,1.94,19,0,92,0,67,34,0,0.23051,0,27.05817,0.00379,0.72995,0.03851,0.14343
Nambale,Iganga,556034,86571,79.92174901,74.58700045,0,5.6,218,2.09,17,0,20,0,65,37,0,0.28664,0,13.54606,0.00427,3.56057,0.04699,0.25885
Nabikoote,Iganga,553607,77104,82.92086034,53.84622868,0,5.2,108,1.91,3,0,33,0,27,9.6,0,0.05591,0,4.28733,0.00253,4.78982,0.002,0.08941
Busei,Iganga,555219,68380,86.28135167,41.53788189,0,5.4,276,1.85,2,0,48,0,50,30,0,0.08272,0,24.66327,0.00418,9.70475,0.002,0.03739
Bumbajje,Mukono,484934,27298,88.80452727,14.5153446,0,4.7,55,2.26,13,0,13,0,37,9.4,0,0.05034,0,2.50244,0.00324,3.04827,0.00132,0.03042
Kiyoora,Mukono,484135,28694,88.68121609,15.31102986,0,5.2,47,58.6,621,0,6.2,0,21,9.8,0,0.18287,0,8.28065,0.0018,0.15824,0.7069,0.13696
Bulonda,Mukono,480003,28177,89.09447294,14.9142639,0,4.5,90,1.92,2,0,5,0,13,7.8,0,0.08335,0,1.42719,0.00299,6.85782,0.002,0.02371
Katosi,Mukono,477748,16822,90.49861862,8.61757909,0,4.9,434,1.93,0.2432,0,8.4,0,67,44,0,0.09733,0,6.75086,0.00484,26.61152,0.0145,0.04084
Nakisunga,Mukono,477209,31013,88.98454184,16.49121012,0,4.7,43,2.34,18,0,8.8,0,11,7.8,0,0.0809,0,1.58269,0.00234,1.82294,0.04734,0.01742
Kisilamu,Mukono,475151,34025,88.75963314,18.22549185,0,4.8,96,2.1,5,0,17,0,24,13,0,0.11563,0,5.23856,0.00249,5.30713,0.00428,0.04775
Kitega Wanton,Mukono,473559,38474,88.2033635,20.94078467,0,5.1,122,2.84,29,0,15,0,30,15,0,0.1172,0,2.75104,0.00566,5.17801,0.12644,0.04336
Upper Kauga,Mukono,471067,40346,88.18338903,22.02391619,0,5.4,122,1.76,2,0,32,0,26,18,0,0.11354,0,1.72234,0.00832,6.14054,0.02089,0.11609
Vuumba,Luweero,0.605723,32.676042,#NUM!,-0.003406963,1,6.57,286,1.7,1,200.2,46,56.12,86.2,44.2,42,0.41131,18.3249,14.03802,0.00496,15.10519,0.04848,0.46958
Ndeeba Kakoni,Luweero,0.614298,32.68916,#NUM!,-0.003408332,44,6.45,169.9,1.6,13,118.93,51,62.22,41.2,21.2,20,0.36076,1.55855,20.59539,0.00263,4.62426,0.08792,1.03224
Bulami,Luweero,0.632672,32.700623,#NUM!,-0.00340953,1,6.64,108.5,1.9,14,75.95,37,45.14,33.4,16.4,17,0.20522,0.67499,0.80816,0.02196,3.84813,0.03488,0.33294
Kajjawo,Luweero,0.626347,32.707973,#NUM!,-0.003410296,1,5.27,187.8,1.4,8,131.46,13,15.86,29.8,15.2,14.6,0.09463,14.52271,24.96521,0.00739,10.01999,0.14477,0.17133
Zirobwe,Luweero,0.681463,32.699047,#NUM!,-0.003409373,0,6.5,1220,1.7,19,854,150,183,357.2,165.8,191.4,0.42447,173.8706,43.43394,2.30315,37.79263,0.1207,0.3615
Namakofu,Luweero,0.67265,32.674879,#NUM!,-0.003406852,1,6.74,331,2.3,12,231.7,100,122,82.6,51.8,30.8,0.77834,8.29878,36.57894,0.00639,6.15709,0.0675,0.55491
Namawojja,Luweero,0.665295,32.666728,#NUM!,-0.003406001,1,6.48,446,1.7,1,312.2,130,158.6,144.4,77.2,67.2,0.73177,27.63186,39.77444,0.00258,8.68669,0.06563,0.35988
Tawalulwa,Luweero,0.663028,32.64662,#NUM!,-0.003403904,1,6.38,302,1.9,7,211.4,110,134.2,102,46.6,55.4,0.45675,9.85516,27.66709,0.00194,3.21673,0.07008,0.38789
Nampunge,Luweero,0.661952,32.644702,#NUM!,-0.003403704,1,5.73,172.1,2,0.2432,120.47,43,52.46,38.4,17.8,20.6,0.20116,4.17567,14.80111,0.00281,4.49735,0.09176,0.21943
Lutete,Luweero,0.666747,32.614158,#NUM!,-0.00340052,1,5.17,291,1.2,0.2432,203.7,24,29.28,71.2,32.8,38.4,0.15168,45.38383,16.03626,0.00281,9.47204,0.22752,0.38024
Kaliro katono,Luweero,0.712023,32.58277,#NUM!,-0.003397254,1,6.71,642,1.7,0.2432,449.4,120,146.4,191,88.6,102.4,0.26116,18.39939,8.93293,0.02791,9.16832,0.05601,0.30606
Wobulenzi,Luweero,0.714815,32.534558,#NUM!,-0.003392228,1,5.81,303,16,5,212.1,36,43.92,89.8,39,50.8,0.04588,0.3316,0.79032,0.00225,0.03692,0.04618,0.17013
Galuweero,Luweero,0.847233,32.481705,#NUM!,-0.003386737,1,6.26,277,1.9,4,193.9,72,87.84,40,22.6,17.4,0.21946,26.19005,13.49775,0.00412,5.09561,0.08118,0.26532
Lumu,Luweero,0.842237,32.492723,#NUM!,-0.003387885,1,6.44,278,1.8,0.2432,194.6,70,85.4,78.6,42.2,36.4,0.23203,26.36292,14.59248,0.00238,4.87447,0.06095,0.28844
Bulyake,Nakaseke,0.721368,32.480843,#NUM!,-0.003386628,1,6,235,13,7,164.5,78,95.16,69,38,31,0.21303,5.45488,17.79477,0.01191,1.48263,0.1971,0.20126
Namasujja A,Nakaseke,0.72946,32.474103,#NUM!,-0.003385927,1,5.61,264,3,0.2432,184.8,48,58.56,90.2,28.8,61.4,1.10427,26.99087,9.59994,0.01132,2.07212,0.03498,0.21356
Namasujja A,Nakaseke,0.726038,32.4731655,#NUM!,-0.003385828,1,5.31,126.7,1.9,0.2432,88.69,17,20.74,26,12.2,13.8,0.202,3.56735,5.92449,0.02316,0.95399,0.06833,0.17361
Kaasangombe,Nakaseke,0.738432,32.462983,#NUM!,-0.003384768,1,6.47,287,1.6,0.2432,200.9,105,128.1,120,41.2,78.8,0.18204,11.17057,11.21301,0.00872,5.63705,0.08723,0.1753
Nambega,Nakaseke,0.74084,32.419403,#NUM!,-0.003380225,1,6.72,259,9.3,39,181.3,105,128.1,80.6,63.4,17.2,0.2215,9.09889,15.13232,0.003,7.00937,0.06554,0.25961
Kiziba,Nakaseke,0.729647,32.401072,#NUM!,-0.003378312,1,6.31,151.4,7.6,0.2432,105.98,51,62.22,41.6,18.4,23.2,0.20848,5.1866,16.87301,0.01114,1.40237,0.04523,0.17298
Lufula zone,Nakaseke,0.72159,32.400658,#NUM!,-0.003378268,1,6.85,507,2.1,0.2432,354.9,195,237.9,153.8,65.8,88,1.07831,27.59255,37.65802,0.01312,2.14827,0.08325,0.18601
Church zone,Nakaseke,0.726592,32.407033,#NUM!,-0.003378933,1,5.84,160.5,21,1,112.35,65,79.3,154.2,67.4,86.8,0.22763,3.75531,10.3992,0.02339,0.81859,0.10292,0.17207
Kasambya A,Nakaseke,0.770128,32.407892,#NUM!,-0.003379029,32,5.81,70,12,210,49,19,23.18,43.8,15.8,28,0.1025,6.4142,2.62863,0.00379,1.43968,0.06578,0.22459
Kasambya A,Nakaseke,0.765537,32.408732,#NUM!,-0.003379116,1,5.85,188.6,2.7,12,132.02,70,85.4,27.6,6.2,21.4,0.20169,7.60436,1.14147,0.01078,2.35765,0.0453,0.19975
Kamuli,Nakaseke,0.79153,32.399405,#NUM!,-0.003378147,1,5.77,203.2,1.9,8,142.24,53,64.66,47.2,23.2,24,0.22966,9.0262,15.57199,0.00245,6.23732,0.05197,0.25396
Lwabijogo,Nakaseke,0.833147,32.365718,#NUM!,-0.003374641,1,6.25,249,1.2,1,174.3,105,128.1,66,31.8,34.2,0.38535,3.53109,21.21111,0.00268,1.4576,0.02906,0.27007
Nakaseta zone,Nakaseke,0.841738,32.363862,#NUM!,-0.003374449,1,6.92,240,3.8,14,168,62,75.64,79.2,39.2,40,0.18189,6.60401,33.75182,0.01304,7.42631,-0.00623,0.14626
Central zone,Nakaseke,0.843922,32.364662,#NUM!,-0.003374532,1,6.2,347,2.1,4,242.9,92,112.24,56,32.2,23.8,0.26532,11.56756,26.34086,0.00522,8.96466,0.04094,0.25012
Magoma,Nakaseke,0.8465,32.391598,#NUM!,-0.003377341,1,6.54,166.6,1.8,3,116.62,55,67.1,101.2,48.2,53,0.26067,0.87978,24.81616,0.00679,2.4739,0.03355,0.31084
Kalina zone,Nakasongola,1.052127,32.467492,#NUM!,-0.003385285,1,7.35,420,1.8,0.2432,294,220,268.4,170.2,86,84.2,1.63313,3.32715,1.52247,0.00463,0.20578,0.03327,0.17559
Katugo,Nakasongola,1.156917,32.464505,#NUM!,-0.003384989,0,6.73,867,2,0.2432,606.9,135,164.7,328.2,146,182.2,0.57474,157.8716,60.28844,0.00441,6.17978,0.03644,0.48381
Kyankanwa,Nakasongola,1.198533,32.463472,#NUM!,-0.003384887,1,6.8,498,1.9,0.2432,348.6,115,140.3,162.4,84.4,78,0.37793,61.62422,17.80692,0.00926,7.90487,0.09276,0.33207
Wabigalo,Nakasongola,1.25125,32.458779,#NUM!,-0.003384406,1,6.77,141.5,2.4,21,99.05,40,48.8,38.2,18.8,19.4,0.34141,11.53516,0.55631,0.00247,0.9069,0.06189,0.30125
Kansirye,Nakasongola,1.294542,32.464752,#NUM!,-0.003385035,10,6.57,134.9,2.6,25,94.43,40,48.8,36.6,17.8,18.8,0.20278,10.88303,0.61037,0.00216,0.21933,0.08306,0.15353
Nakasongola A,Nakasongola,1.308018,32.465283,#NUM!,-0.003385092,1,6.56,334,1.8,3,233.8,120,146.4,98.6,48.4,50.2,0.31604,31.06985,1.02528,0.00362,6.71163,0.04876,0.36045
Nakasongola A,Nakasongola,1.312917,32.465301,#NUM!,-0.003385095,10,6.65,144.6,2.8,29,101.22,42,51.24,43.2,19,24.2,0.10825,11.56837,1.12525,0.0022,0.34537,0.08495,0.16824
Nakasongola  ,Nakasongola,1.313042,32.465025,#NUM!,-0.003385066,32,6.23,666,2.1,4,466.2,130,158.6,135.8,68.4,67.4,0.62627,67.92879,12.34891,0.00746,28.99053,0.08557,0.1888
Ssasira,Nakasongola,1.333789,32.416601,#NUM!,-0.00338002,1,6.01,264,1.8,0.2432,184.8,92,112.24,52.4,25.4,27,0.17837,12.12451,23.25799,0.00299,3.02935,0.03195,0.15911
Kigulu,Buikwe,491344,26890,88.50141483,14.3727814,1,6.4,132,2.5,20,92.4,50,61,40.2,22.4,17.8,0.24,3.9,0.9,0.01,3.16,0.11,0.07
Kibali,Buikwe,498726,26789,88.34315728,14.35885361,1,5.8,166,1.7,0.2432,116.2,52,63.44,57.6,34.8,22.8,0.19,8.1,6.5,0.001,4.62,0.06,0.13
Nakigaya,Buikwe,506445,30251,87.97905853,16.37665075,101,5.9,87,3.1,27,60.9,37,45.14,31.4,14.2,17.2,0.2,1.7,3.5,0.001,2.44,0.08,0.02
Kigayi,Buikwe,504301,32217,87.64100248,17.58774677,1,5.9,81,13,22,56.7,38,46.36,35.2,27,8.2,0.13,1.3,0.8,0.02,0.25,0.04,0.04
Majija,Buikwe,503217,33566,87.41649508,18.43014881,1,6.4,142,1.4,0.2432,99.4,65,79.3,49.6,27,22.6,0.25,2.5,0.8,0.001,1.22,0.09,0.05
Misindye upper,Buikwe,503034,38598,86.57250797,21.68293707,1,6.8,279,2.2,3,195.3,130,158.6,114.2,61.4,52.8,0.24,7.4,1.5,0.001,0.69,0.17,0.18
Kawuku,Buikwe,496576,39968,86.32887623,22.60702206,1,6.1,90,1.7,0.2432,63,41,50.02,37.4,22.2,15.2,0.16,2.9,1.3,0.001,1.09,0.03,0.02
Kibuba,Buikwe,494884,40689,86.22777251,23.08753999,1,6.2,93,2.1,5,65.1,37,45.14,46.6,20.6,26,0.13,4,1.4,0.001,0.94,0.02,0.01
Bulagala B,Kamuli,510054,123659,52.16599717,#NUM!,8,6.4,552,2.1,0.2432,386.4,190,231.8,156.4,98.8,57.6,0.55,20,61,0.01,3.65,0.07,0.19
Busuna,Kamuli,510908,113543,58.95220529,#NUM!,78,5.7,230,2.8,13,161,37,45.14,40.4,23,17.4,0.21,14,26,0.01,4.37,0.12,0.01
Namuyingi,Kamuli,511123,111497,60.20041007,#NUM!,1,6.4,530,1.9,0.2432,371,110,134.2,166.8,93.6,73.2,0.5,72,9.4,0.01,3.1,0.02,0.09
Bulindi,Kamuli,512469,104708,64.1252557,#NUM!,1,5.1,129,2.4,0.2432,90.3,14,17.08,26.2,13.4,12.8,0.23,0.9,18,0.001,6.1,0.05,0.01
Namaganda Butooli,Kamuli,522216,95705,69.52481674,#NUM!,1,5.4,184,1.8,0.2432,128.8,21,25.62,29.4,20.6,8.8,0.17,13,22,0.001,3.52,0.02,0.05
Naminage,Kamuli,520263,95734,69.30467855,#NUM!,1,6.2,621,2.1,1,434.7,150,183,238,82,156,0.4,48,39,0.1,29,0.05,0.11
Kitayundwa,Kamuli,517950,98688,67.65496579,#NUM!,1,6.6,576,1.8,0.2432,403.2,240,292.8,254.8,188,66.8,0.34,7.2,44,0.001,8.72,0.08,0.12
Kitayundwa,Kamuli,517895,99191,67.40078783,#NUM!,10,6.5,571,2.5,4,399.7,175,213.5,210.2,128.6,81.6,0.24,27,26,0.01,13,0.01,0.01
Namisambya,Kamuli,515772,100461,66.58256264,#NUM!,1,5.9,131,1.7,0.2432,91.7,16,19.52,30.4,21.2,9.2,0.1,7.1,6.7,0.001,6.12,0.27,0.02
Namisambya 2,Kamuli,515581,100613,66.4902701,#NUM!,1,5.8,557,1.8,0.2432,389.9,74,90.28,146.4,79.2,67.2,0.23,55,115,0.01,3.2,0.002,0.1
Bukwenge,Kamuli,513070,102171,65.50667098,#NUM!,1,6.2,434,1.8,0.2432,303.8,85,103.7,120.4,77.4,43,0.34,28,38,0.001,11,0.18,0.19
Bulyampanga,Kamuli,510133,98391,67.24794741,#NUM!,1,6,162,1.7,0.2432,113.4,53,64.66,42.4,23.2,19.2,0.27,9.2,5.6,0.01,2.57,0.08,0.3
Busobya zone,Kamuli,505754,92887,69.69243347,#NUM!,1,5.8,161,1.6,0.2432,112.7,52,63.44,33.8,20,13.8,0.32,4.5,2.2,0.01,5.99,0.05,0.1
Wampologoma,Kayunga,500569,87275,72.08748244,195.5198105,1,6.1,220,1.9,0.2432,154,100,122,79,68.8,10.2,0.22,1.2,7.8,0.01,1.43,0.04,0.08
Bugonda,Kayunga,499418,85045,73.01947614,110.4963434,1,6.8,785,1.8,0.2432,549.5,195,237.9,318.4,149,169.4,0.8,73,80,0.001,0.82,0.002,0.03
Bugonda,Kayunga,500922,83640,73.59318984,97.05861492,1,5.7,197,1.8,0.2432,137.9,34,41.48,44,21.4,22.6,0.07,1.7,5.8,0.001,16,0.11,0.03
Buganda,Kayunga,501106,83046,73.832751,92.84435691,1,5.8,756,1.6,0.2432,529.2,60,73.2,212.8,112.2,100.6,0.15,124,91,0.001,5.49,0.05,0.02
Namirembe,Kayunga,497400,88166,71.72277105,#NUM!,1,6,317,1.7,0.2432,221.9,99,120.78,110.4,53.2,57.2,0.42,35,1.6,0.001,2.35,0.06,0.05
Nongo,Kayunga,492655,89528,71.24817293,#NUM!,1,6,272,2.7,0.2432,190.4,110,134.2,101.6,69.8,31.8,0.24,9.8,2.3,0.02,4.13,0.15,0.1
Budada,Kayunga,487727,93339,69.77662352,#NUM!,1,5.8,566,1.8,1,396.2,600,732,158.6,102.4,56.2,0.31,100,34,0.001,6.49,0.05,0.17
Bulawula C,Kayunga,494850,92383,69.90628706,#NUM!,1,6.2,271,1.8,0.2432,189.7,130,158.6,132.2,61,71.2,0.44,1.6,2.6,0.001,2.09,0.09,0.13
Nkokonjeru,Kayunga,4942223,91440,#NUM!,-57.15717004,1,6,260,2.2,11,182,66,80.52,74.4,45.8,28.6,0.35,28,1.1,0.001,6.61,0.08,0.04
Kawuku,Kayunga,498574,85435,72.86269777,115.6382456,1,6.4,483,1.8,0.2432,338.1,95,115.9,150,89.8,60.2,0.38,44,16,0.001,20,0.01,0.24
Kyabakwerere,Kamwenge,212591.0742,10046752.05,#NUM!,87.86105216,9,6.9,76,1.24,0,53.2,0,0,0,0,0,0,1.39561,9.72927,0.00865,0.00102,0,0
Kihoima,Kamwenge,213852.3355,10046619.96,#NUM!,86.45862952,1,7.1,134.2,1.03,0,93.94,0,0,0,0,0,0,1.31526,15.7005,0.03777,0.00152,0,0
Kihoima,Kamwenge,214347.9953,10047051.86,#NUM!,83.51709284,108,7.38,116.5,0.99,0,81.55,0,0,0,0,0,0,0.96973,12.50203,0.02682,0.00201,0,0
Kengoma II,Kamwenge,223026.7796,10017502.47,#NUM!,#NUM!,1,7.53,266,104,0,186.2,0,0,0,0,0,0,8.7641,65.234,0.03084,0.00343,0,0
Burengye,Kamwenge,225109.3864,10019025.79,#NUM!,#NUM!,36,7.87,420,1.08,0,294,0,0,0,0,0,0,9.88801,61.22324,0.02367,0.00157,0,0
Burengye,Kamwenge,225548.7911,10019069.02,#NUM!,#NUM!,1,7.95,323,1.13,0,226.1,0,0,0,0,0,0,5.38449,31.45613,0.00663,0.00144,0,0
Nyamashegwa I,Kamwenge,225229.8096,10018060.18,#NUM!,#NUM!,1,7.65,157.4,0.97,0,110.18,0,0,0,0,0,0,1.45978,18.66576,0.01149,0.00331,0,0
Kengoma II,Kamwenge,226915.384,10017340.63,#NUM!,#NUM!,102,8.15,562,1.1,0,393.4,0,0,0,0,0,0,10.70044,103.4988,0.01239,0.0018,0,0
Kengoma II,Kamwenge,224562.0547,10018374.29,#NUM!,#NUM!,1,7.56,284,1.1,0,198.8,0,0,0,0,0,0,10.17997,58.16407,0.00917,0.00191,0,0
Kengoma II,Kamwenge,226008.0612,10017935.2,#NUM!,#NUM!,66,8.05,357,1.02,0,249.9,0,0,0,0,0,0,12.53693,31.7049,0.02297,0.00786,0,0
Kengoma II,Kamwenge,224772.1702,10018188.27,#NUM!,#NUM!,1,7.63,271,0.85,0,189.7,0,0,0,0,0,0,11.13073,66.62563,0.05155,0.00293,0,0
Nkoma,Kamwenge,237987.0935,10036378.77,#NUM!,90.58396676,0,5.98,328,26,0,229.6,0,0,0,0,0,0,9.01585,44.30161,0.01697,0.00057,2.00486,0.04564
Kinyonza,Kamwenge,239332.1297,10040967.38,#NUM!,68.86488271,3,6.36,380,1.5,0,266,0,0,0,0,0,0,15.21136,31.98672,0.10891,0.00182,2.40506,0.12568
Kikiri,Kamwenge,247577.0344,10047628.21,#NUM!,47.70854334,2,6.14,387,3.25,0,270.9,0,0,0,0,0,0,4.86134,31.37258,0.02866,0.00621,0.8676,0.16647
Rutooma,Kamwenge,247946.5386,10047522.94,#NUM!,47.56055573,4,5.94,216.5,4.1,0,151.55,0,0,0,0,0,0,2.03056,12.92991,0.02345,0.00327,3.49218,0.06243
Block 4,Lamwo,437542,370808,#NUM!,9.440284264,0,7.28,881,0.138,616.7,0,524,639.28,266.8,83.6,43.968,0.38,6.75,2.47,0,0.02,0,0
Block 4,Lamwo,437542,370808,#NUM!,9.440284264,0,7.29,956,0.23,669.2,0,468,570.96,270.8,70.4,48.096,0.31,5.31,2.33,0,0.02,0,0
Block 4,Lamwo,437086,371065,#NUM!,9.534262212,0,7.33,987,0.875,690.9,0,524,639.28,248.4,124.8,29.664,0.35,5.32,2.85,0,0.02,0,0
Block 4B,Lamwo,437086,371065,#NUM!,9.534262212,0,7.56,727,1.12,508.9,0,312,380.64,296.8,138.4,38.016,0.468,12.38,2.84,0,5.57,0,0
Block 4B,Lamwo,437086,371065,#NUM!,9.534262212,0,7.37,859,6.12,601.3,0,440,536.8,278.4,46.8,55.584,0.49,11.14,2.43,0,5.7,0,0
Block 12A Zone B,Lamwo,442869,377058,#NUM!,12.77615159,0,7.34,865,0.241,605.5,0,508,619.76,369.6,68,72.384,0.38,11.83,6.01,0,0.02,0,0
Block 12A Zone B,Lamwo,442869,377058,#NUM!,12.77615159,0,7.59,863,6.18,604.1,0,420,512.4,332.8,91.6,57.888,0.34,12.25,6.23,0,0.02,0,0
Block 12A Zone B,Lamwo,442869,377058,#NUM!,12.77615159,0,7.55,874,0.291,611.8,0,528,644.16,360,97.2,63.072,0.66,11.6,5.81,0,0.02,0,0
Block 12A Zone B,Lamwo,442869,377058,#NUM!,12.77615159,0,7.62,817,0.367,571.9,0,492,600.24,338.8,122,52.032,0.98,21.2,8.46,0,0.02,0,0
Block 12A Zone B,Lamwo,442869,377058,#NUM!,12.77615159,0,7.72,848,0.415,593.6,0,472,575.84,329.6,100,55.104,1.6,17.4,7.52,0,0.02,0,0
Nyalagala,Lamwo,455385,400317,#NUM!,27.86249595,0,7.05,472,0.184,330.4,0,260,317.2,249.2,102.4,35.232,1.8,0.81,8.14,0,0.02,0,0
Akelikongo North,Lamwo,459754,399290,#NUM!,27.61524384,0,6.63,276,397,193.2,0,164,200.08,142,79.6,14.976,0.62,0.68,0,0,0.02,0,0
Akelikongo North,Lamwo,455385,400317,#NUM!,27.86249595,0,7.69,472,0.493,330.4,0,164,200.08,249.6,124.8,29.952,1.28,0.29,0,7.21,0.02,0,0
Alelikongo North,Lamwo,459754,399290,#NUM!,27.61524384,0,6.6,280,0.531,196,0,240,292.8,161.6,64,23.424,0.682,0.33,0,0,0.02,0,0
Alelikongo North,Lamwo,455175,399509,#NUM!,27.24550934,0,5.98,56.1,0.326,39.27,0,164,200.08,59.2,49.2,2.4,1.29,0.92,0,0,2.11,0,0
Zone 4 Block 9,Lamwo,441588,372639,#NUM!,10.53016953,0,7.42,805,0.352,563.5,0,56,68.32,336.8,127.2,50.304,0.6,3.96,0,7.5,2.02,0,0
Zone 4 Block 9,Lamwo,441588,372639,#NUM!,10.53016953,0,7.5,799,0.467,559.3,0,520,634.4,288,116.4,41.184,0.25,4.25,0,10.8,0.02,0,0
Zone 4 Block 9,Lamwo,441588,372639,#NUM!,10.53016953,0,7.33,806,0.391,564.2,0,372,453.84,327.6,104,53.664,0.24,4.16,0,10.06,1.39,0,0
Zone 4 Block 9,Lamwo,441588,372639,#NUM!,10.53016953,0,7.07,808,0.484,565.6,0,392,478.24,287.2,168.8,28.416,0.25,4.17,0,10.2,0.02,0,0
Zone 4 Block 9,Lamwo,441588,372639,#NUM!,10.53016953,0,7.54,801,0.22,560.7,0,436,531.92,331.6,155.6,42.24,0.22,4.19,0,9.53,0.02,0,0
Zone 6 Block 6,Lamwo,444534,372639,#NUM!,10.69277972,0,7.09,505,0.283,353.5,0,400,488,204,51.6,36.576,1.08,4.27,0,2.11,0.02,0,0
Zone 6 Block 6,Lamwo,444534,371724,#NUM!,10.24725737,0,7.15,503,0.32,352.1,0,272,331.84,222,58.4,39.264,1.22,4.87,0,1.93,0.02,0,0
Zone 6 Block 6,Lamwo,444534,371724,#NUM!,10.24725737,0,6.95,510,0.383,357,0,280,341.6,238.4,61.6,42.432,0.52,4.42,0,2.05,0.02,0,0
Zone 6 Block 6,Lamwo,444534,371724,#NUM!,10.24725737,0,7.03,506,0.315,354.2,0,312,380.64,234.4,67.6,40.032,0.52,4.41,0,1.91,0.02,0,0
Ajagala,Lamwo,442495,369658,#NUM!,9.154862026,0,8.22,640,0.255,448,0,284,346.48,251.6,69.2,43.776,1.04,13.35,0,4.6,5.67,0,0
Ajagala,Lamwo,441964,369336,#NUM!,8.977273365,0,7.81,693,0.402,485.1,0,324,395.28,239.2,122.4,28.032,1.14,10.96,0,3.78,6.73,0,0
Ajagala,Lamwo,442495,369658,#NUM!,9.154862026,0,7.07,772,0.723,540.4,0,352,429.44,355.6,39.6,75.84,0.91,10.88,0,4.69,8.14,0,0
Ajagala,Lamwo,441964,369336,#NUM!,8.977273365,0,7.83,688,0.24,481.6,0,400,488,225.2,45.6,43.104,0.39,10.89,0,3.74,6.36,0,0
Ajagala,Lamwo,441964,369336,#NUM!,8.977273365,0,7.97,683,0.178,478.1,0,376,458.72,256,40.8,51.648,1.11,10.13,0,3.96,6,0,0
Ajaogala,Lamwo,440389,368384,#NUM!,8.457601249,0,7.48,473,0.223,331.1,0,380,463.6,231.6,64.8,40.032,0.44,2.32,0,1.55,1.77,0,0
Ajaogala,Lamwo,440618,370685,#NUM!,9.546893101,0,6.99,841,0.24,588.7,0,280,341.6,239.6,32.4,49.728,1.17,8.9,0,4.31,0.02,0,0
Ajaogala,Lamwo,439533,365445,#NUM!,7.067574112,0,6.78,309,6.11,216.3,0,444,541.68,102.8,40.8,14.88,1.25,5.15,0,0.38,1.43,0,0
Ajaogala,Lamwo,440626,368178,#NUM!,8.372616109,0,6.93,357,0.178,249.9,0,188,229.36,91.2,56.8,8.256,1.56,1.55,0,0,4.06,0,0
Ajaogala,Lamwo,441167,368353,#NUM!,8.478792616,0,7.03,466,0.223,326.2,0,264,322.08,171.6,64.8,25.632,0.23,2.27,0,1.63,1.91,0,0
Kyebando,Mubende,333812,57010,172.5368731,2.328534724,1,5.5,170,1.83,0,119,68,82.96,61,21,40,0.17816,12.09813,4.23033,1.53049,0.00159,0.069,0.0794
Kyenda,Mubende,334146,55736,173.1301376,2.360833373,1,5.7,290,1.76,0,203,125,152.5,130,36,94,0.17836,6.53345,11.77767,2.37574,0.00239,0.04518,0.13873
Mbogo,Luuka,541843.3578,10085477.18,#NUM!,-29.43703949,1,7.6,480,2.76,0,336,0,0,0,0,0,0,16.35794,98.64284,0.00528,3.83408,0.02352,0.28079
Mbogo,Luuka,535146.2773,100877162.3,#NUM!,#NUM!,1,7.8,370,1.54,0,259,0,0,0,0,0,0,5.3452,33.58435,0.00166,5.18969,0.03544,0.20557
Nawamwena,Luuka,536862.7503,10084693.69,#NUM!,-30.65552688,1,7.6,261,1.23,0,182.7,0,0,0,0,0,0,5.08619,22.501,0.00239,3.32873,0.04801,0.20852
Kiyunga Central,Luuka,537867.7843,10086586.87,#NUM!,-29.04303553,1,7.8,456,1.67,0,319.2,0,0,0,0,0,0,5.50549,47.39408,0.00413,4.54793,0.04151,0.23532
Kiyunga Hospital,Luuka,536846.0704,10084705.74,#NUM!,-30.64766457,1,7.4,558,1.23,0,390.6,0,0,0,0,0,0,34.39494,19.18808,0.00461,30.05653,0.01795,0.13452
Makuutu,Bugweri,566143,55392,93.092788,27.74400332,1,6.5,359,1.76,0.5,251.3,152,185.44,160,126,34,0.09043,2.81557,16.13871,0.00146,6.48163,0.00601,0.11153
Busiimo,Bugweri,565623,50578,94.11551308,24.65464981,1,6.4,175,1.95,0.5,122.5,50,61,50,30,20,0.09151,7.07127,7.39301,0.00147,6.92006,0.00379,0.10667
Kabojja A ,Wakiso,446673,32357,94.20526945,15.57496641,20,5.44,235,1.85,0,164.5,56,68.32,80,50,30,0.13475,0,0.67062,0.00456,9.84878,1.0533,0.03047
Kabojja B,Wakiso,446407,33011,94.17251721,15.90508003,2,4.8,200,1.77,0,140,11,13.42,34,11,23,0.0665,0,0.67616,0.0046,12.22264,0.55122,0.04328
Kinawa,Wakiso,445662,29308,94.89599223,13.89835304,1,4.25,223,1.8,0,156.1,4,4.88,49,18,31,0.15379,0,0.72902,0.00718,15.56782,0.26664,0.05327
Kikajjo,Wakiso,445662,29308,94.89599223,13.89835304,8,4.88,224,1.9,0,156.8,16,19.52,58,22,36,0.10721,0,5.9389,0.00197,11.09191,0.01641,0.03153
Kasenge,Wakiso,445265,28558,95.09803236,13.48536115,1,5.9,163,1.78,0,114.1,69,84.18,54,34,20,0.1905,0,1.31713,0.00157,2.11286,0.04105,0.18689
Kasenge,Wakiso,444870,28353,95.22662821,13.3538247,1,4.38,161,1.96,0,112.7,5.6,6.832,30,12,18,0.07263,0,0.50899,0.00309,11.37755,0.0455,0.03075
Katalemwa,Wakiso,41632,22888,#NUM!,-6.5727816,2,5,57,21,0,39.9,18,21.96,38,7.8,30.2,0.14688,0,0.31171,0.013,1.34066,0.15626,0.26396
Katalemwa,Wakiso,440006,22562,97.22498211,10.20370693,1,4.8,38,4.45,0,26.6,12,14.64,16,1.6,14.4,0.12194,0,1.19742,0.0017,1.54298,0.02943,0.05718
Nakawuka,Wakiso,440026,22638,97.21133743,10.24093233,19,4.8,67,2.65,0,46.9,10,12.2,25,9,16,0.15894,0,2.77297,0.00296,3.23466,0.03573,0.10532